Pavadinimas,Rajonas,Gatve,Kaina,Dydis,Kambariai,Metai,Aukstas/is,Nuoroda
"Kauno m. sav., Kauno m., Eiguliai, Šiaurės pr.", Eiguliai, Šiaurės pr.,"45,900 ", 33.13,1,1978,1/5,https://www.capital.lt/lt/parduodamas-butas-siaures-pr-40-eiguliuose-kaune-3313-kvm-ploto-1-kambariai-p231800
"Kauno m. sav., Kauno m., Dainava, Pašilės g.", Dainava, Pašilės g.,"73,000 ", 44.17,2,1966,1/5,https://www.capital.lt/lt/parduodamas-butas-pasiles-g-56-dainavoje-kaune-4417-kvm-ploto-2-kambariai-p231785
"Kauno m. sav., Kauno m., Dainava, Kovo 11-osios g.", Dainava, Kovo 11-osios g.,"69,000 ", 43.49,2,1972,4/5,https://www.capital.lt/lt/parduodamas-butas-kovo-11-osios-g-dainavoje-kaune-4349-kvm-ploto-2-kambariai-p231746
"Kauno m. sav., Kauno m., Kalniečiai, P. Lukšio g.", Kalniečiai, P. Lukšio g.,"79,999 ", 83.76,4,1982,6/9,https://www.capital.lt/lt/parduodamas-butas-p-luksio-g-12-kalnieciuose-kaune-8376-kvm-ploto-4-kambariai-p231726
"Kauno m. sav., Kauno m., Dainava, V. Krėvės pr.", Dainava, V. Krėvės pr.,"68,000 ", 61.44,3,1967,4/5,https://www.capital.lt/lt/parduodamas-butas-v-kreves-pr-5-dainavoje-kaune-6144-kvm-ploto-3-kambariai-p231722
"Kauno m. sav., Kauno m., Centras, V. Putvinskio g.", Centras, V. Putvinskio g.,"279,000 ", 144.72,5,1933,2,https://www.capital.lt/lt/parduodamas-butas-v-putvinskio-g-centre-kaune-14472-kvm-ploto-5-kambariai-p231709
"Kauno m. sav., Kauno m., Centras, Tunelio g.", Centras, Tunelio g.,"54,999 ", 47.75,3,1950,2/2,https://www.capital.lt/lt/parduodamas-butas-tunelio-g-15-centre-kaune-4775-kvm-ploto-3-kambariai-p231594
"Kauno m. sav., Kauno m., Vilijampolė, Panerių g.", Vilijampolė, Panerių g.,"42,000 ", 37.19,2,1963,2/5,https://www.capital.lt/lt/parduodamas-3719-2-kmbr-butas-paneriu-g-vilijampole-kaunas-p231588
"Kauno m. sav., Kauno m., Taikos pr.", Taikos pr.,NaN,"83,000 ",64.0,NaN,1975,3/9,https://www.capital.lt/lt/triju-kambariu-butas-zaliakalnyje-p231529
"Kauno m. sav., Kauno m., Eiguliai, Šiaurės pr.", Eiguliai, Šiaurės pr.,"65,900 ", 51.11,2,1978,4/5,https://www.capital.lt/lt/parduodamas-butas-siaures-pr-40-eiguliuose-kaune-5111-kvm-ploto-2-kambariai-p231501
"Kauno m. sav., Kauno m., Dainava, V. Krėvės pr.", Dainava, V. Krėvės pr.,"75,000 ", 62.65,3,1976,11/12,https://www.capital.lt/lt/parduodamas-erdvus-3-k-butas-dainavos-rajone--p231497
"Kauno m. sav., Kauno m., Senamiestis, Šv. Gertrūdos g.", Senamiestis, Šv. Gertrūdos g.,"330,000 ", 71.14,2,2017,3/4,https://www.capital.lt/lt/parduodamas-butas-sv-gertrudos-g-51-senamiestyje-kaune-7114-kvm-ploto-2-kambariai-p231469
"Kauno m. sav., Kauno m., Eiguliai, S. Žukausko g.", Eiguliai, S. Žukausko g.,"49,900 ", 36.98,1,1992,12/12,https://www.capital.lt/lt/parduodamas-butas-s-zukausko-g-26-eiguliuose-kaune-3698-kvm-ploto-1-kambariai-p231409
"Kauno m. sav., Kauno m., Centras, Laisvės al.", Centras, Laisvės al.,"360,000 ", 197.07,4,2008,6/7,https://www.capital.lt/lt/butas-paciame-miesto-centre-su-panoraminiu-vaizdu-bei-nuosava-70-kvm-terasa-p231398
"Kauno m. sav., Kauno m., Senamiestis, Benediktinių g.", Senamiestis, Benediktinių g.,"128,000 ", 62.0,2,1965,1/2,https://www.capital.lt/lt/parduodamas-butas-benediktiniu-g-senamiestyje-kaune-6200-kvm-ploto-2-kambariai-p231396
"Kauno m. sav., Kauno m., Dainava, Partizanų g.", Dainava, Partizanų g.,"66,900 ", 61.28,3,1969,5/5,https://www.capital.lt/lt/parduodamas-butas-partizanu-g-70-dainavoje-kaune-6128-kvm-ploto-3-kambariai-p231387
"Kauno m. sav., Kauno m., Kalniečiai, Geležinio Vilko g.", Kalniečiai, Geležinio Vilko g.,"105,000 ", 81.78,4,1979,8/9,https://www.capital.lt/lt/parduodamas-butas-gelezinio-vilko-g-1-kalnieciuose-kaune-8178-kvm-ploto-4-kambariai-p231368
"Kauno m. sav., Kauno m., Eiguliai, Sukilėlių pr.", Eiguliai, Sukilėlių pr.,"66,000 ", 49.75,2,1980,4/5,https://www.capital.lt/lt/parduodamas-butas-sukileliu-pr-102-eiguliuose-kaune-4975-kvm-ploto-2-kambariai-p231364
"Kauno m. sav., Kauno m., Žaliakalnis, Č. Sasnausko g.", Žaliakalnis, Č. Sasnausko g.,"165,000 ", 107.0,4,2021,3/6,https://www.capital.lt/lt/parduodamas-butas-c-sasnausko-g-23-zaliakalnyje-kaune-10700-kvm-ploto-4-kambariai-p231352
"Kauno m. sav., Kauno m., Žaliakalnis, Č. Sasnausko g.", Žaliakalnis, Č. Sasnausko g.,"85,000 ", 49.23,2,2021,1/6,https://www.capital.lt/lt/parduodamas-butas-c-sasnausko-g-23-zaliakalnyje-kaune-4923-kvm-ploto-2-kambariai-p231348
"Kauno m. sav., Kauno m., Dainava, Partizanų g.", Dainava, Partizanų g.,"63,900 ", 61.0,3,1973,3/5,https://www.capital.lt/lt/parduodamas-butas-partizanu-g-dainavoje-kaune-6100-kvm-ploto-3-kambariai-p231339
"Kauno m. sav., Kauno m., Vilijampolė, Panerių g.", Vilijampolė, Panerių g.,"73,000 ", 38.0,2,2018,3/4,https://www.capital.lt/lt/parduodamas-butas-paneriu-g-51-vilijampoleje-kaune-3800-kvm-ploto-2-kambariai-p231324
"Kauno m. sav., Kauno m., Dainava, V. Krėvės pr.", Dainava, V. Krėvės pr.,"54,900 ", 43.93,2,1967,5/5,https://www.capital.lt/lt/parduodamas-butas-v-kreves-pr-27-dainavoje-kaune-4393-kvm-ploto-2-kambariai-p231314
"Kauno m. sav., Kauno m., Dainava, Pramonės pr.", Dainava, Pramonės pr.,"60,000 ", 43.58,2,1970,2/5,https://www.capital.lt/lt/parduodamas-butas-pramones-pr-49-dainavoje-kaune-4358-kvm-ploto-2-kambariai-p231298
"Kauno m. sav., Kauno m., Senamiestis, Vilniaus g.", Senamiestis, Vilniaus g.,"97,500 ", 44.95,2,1969,1/3,https://www.capital.lt/lt/parduodamas-butas-kauno-senamiestyje-vilniaus-g-pirmame-aukste-4495-kvm-ploto-2-kambariai-p231291
"Kauno m. sav., Kauno m., Vilijampolė, Panerių g.", Vilijampolė, Panerių g.,"59,500 ", 42.0,2,2018,4/4,https://www.capital.lt/lt/parduodamas-butas-paneriu-g-51-vilijampoleje-kaune-4200-kvm-ploto-2-kambariai-p231150
"Kauno m. sav., Kauno m., Žaliakalnis, Saulės g.", Žaliakalnis, Saulės g.,"72,900 ", 50.72,2,1984,1/5,https://www.capital.lt/lt/parduodamas-butas-saules-g-22-zaliakalnyje-kaune-5072-kvm-ploto-2-kambariai-p231144
"Kauno m. sav., Kauno m., Šilainiai, Kuršių g.", Šilainiai, Kuršių g.,"73,999 ", 83.3,4,1987,2/9,https://www.capital.lt/lt/4-kambariu-butas-silainiuose-p231137
"Kauno m. sav., Kauno m., Petrašiūnai, R. Kalantos g.", Petrašiūnai, R. Kalantos g.,"18,000 ", 15.49,1,1968,2/4,https://www.capital.lt/lt/parduodamas-butas-r-kalantos-g-137-petrasiunuose-kaune-1549-kvm-ploto-1-kambariai-p231100
"Kauno m. sav., Kauno m., Dainava, Partizanų g.", Dainava, Partizanų g.,"55,900 ", 44.56,2,1972,1/5,https://www.capital.lt/lt/parduodamas-butas-partizanu-g-148-dainavoje-kaune-4456-kvm-ploto-2-kambariai-p231087
"Kauno m. sav., Kauno m., Senamiestis, I. Kanto g.", Senamiestis, I. Kanto g.,"45,000 ", 26.0,2,,2/2,https://www.capital.lt/lt/parduodamas-butas-i-kanto-g-13-senamiestyje-kaune-2600-kvm-ploto-2-kambariai-p231041
"Kauno m. sav., Kauno m., Šilainiai, Baltų pr.", Šilainiai, Baltų pr.,"139,999 ", 70.63,4,2014,3/9,https://www.capital.lt/lt/parduodamas-butas-baltu-pr-193a-silainiuose-kaune-7063-kvm-ploto-4-kambariai-p231018
"Kauno m. sav., Kauno m., Aukštutiniai Kaniūkai, Girios g.", Aukštutiniai Kaniūkai, Girios g.,"187,000 ", 89.6,3,2008,2/4,https://www.capital.lt/lt/parduodamas-butas-girios-g-4-kaune-8960-kvm-ploto-3-kambariai-p231014
"Kauno m. sav., Kauno m., Dainava, Kovo 11-osios g.", Dainava, Kovo 11-osios g.,"51,800 ", 43.93,2,1965,4/5,https://www.capital.lt/lt/parduodamas-2-k-butas-kovo-11-osios-g-33-dainavoje-p231001
"Kauno m. sav., Kauno m., Žaliakalnis, P. Višinskio g.", Žaliakalnis, P. Višinskio g.,"68,500 ", 74.56,3,1932,1/2,https://www.capital.lt/lt/parduodamas-49-54-kvm-butas-su-ukiniu-25-kvm-muriniu-pastatu-zaliakalnyje-pvisinskio-g-p230989
"Kauno m. sav., Kauno m., Dainava, V. Krėvės pr.", Dainava, V. Krėvės pr.,"59,900 ", 52.16,2,1975,3/9,https://www.capital.lt/lt/parduodamas-butas-v-kreves-pr-115a-dainavoje-kaune-5216-kvm-ploto-2-kambariai-p230975
"Kauno m. sav., Kauno m., Centras, A. Juozapavičiaus pr.", Centras, A. Juozapavičiaus pr.,"182,622 ", 83.01,4,2021,3/16,https://www.capital.lt/lt/parduodamas-butas-a-juozapaviciaus-pr-139a-centre-kaune-8301-kvm-ploto-4-kambariai-p230913
"Kauno m. sav., Kauno m., Centras, A. Juozapavičiaus pr.", Centras, A. Juozapavičiaus pr.,"99,280 ", 44.32,2,2021,4/16,https://www.capital.lt/lt/parduodamas-butas-a-juozapaviciaus-pr-139a-centre-kaune-4432-kvm-ploto-2-kambariai-p230911
"Kauno m. sav., Kauno m., Dainava, Krėvės pr.", Dainava, Krėvės pr.,"56,500 ", 44.8,2,1979,4/5,https://www.capital.lt/lt/parduodamas-butas-kreves-pr-98-416-dainavoje-kaune-4480-kvm-ploto-2-kambariai-p230763
"Kauno m. sav., Kauno m., Dainava, Partizanų g.", Dainava, Partizanų g.,"50,500 ", 45.24,2,1988,1/5,https://www.capital.lt/lt/parduodamas-butas-partizanu-g-36-dainavoje-kaune-4524-kvm-ploto-2-kambariai-p230762
"Kauno m. sav., Kauno m., Centras, A. Juozapavičiaus pr.", Centras, A. Juozapavičiaus pr.,"101,714 ", 44.32,2,2021,4/16,https://www.capital.lt/lt/parduodamas-butas-a-juozapaviciaus-pr-139a-centre-kaune-4432-kvm-ploto-2-kambariai-p230761
"Kauno m. sav., Kauno m., Dainava, V. Krėvės pr.", Dainava, V. Krėvės pr.,"64,800 ", 49.0,2,1975,3/9,https://www.capital.lt/lt/parduodamas-butas-v-kreves-pr-15-dainavoje-kaune-4900-kvm-ploto-2-kambariai-p230722
"Kauno m. sav., Kauno m., Romainiai, Audenio g.", Romainiai, Audenio g.,"159,000 ", 94.67,3,2014,1/2,https://www.capital.lt/lt/parduodamas-butas-audenio-g-3-romainiuose-kaune-9467-kvm-ploto-3-kambariai-p230698
"Kauno m. sav., Kauno m., Senamiestis, Šv. Gertrūdos g.", Senamiestis, Šv. Gertrūdos g.,"220,000 ", 55.0,2,2018,4/4,https://www.capital.lt/lt/parduodamas-butas-sv-gertrudos-g-51a-senamiestyje-kaune-5500-kvm-ploto-2-kambariai-p230628
"Kauno m. sav., Kauno m., Aukštieji Šančiai, Ašmenos 2-oji g.", Aukštieji Šančiai, Ašmenos 2-oji g.,"69,900 ", 61.22,3,1974,4/5,https://www.capital.lt/lt/parduodamas-butas-asmenos-2-oji-g-25-aukstuosiuose-sanciuose-kaune-6122-kvm-ploto-3-kambariai-p230624
"Kauno m. sav., Kauno m., Kalniečiai, Geležinio Vilko g.", Kalniečiai, Geležinio Vilko g.,"63,500 ", 49.24,2,1978,3/5,https://www.capital.lt/lt/parduodamas-butas-gelezinio-vilko-g-24-kalnieciuose-kaune-4924-kvm-ploto-2-kambariai-p230605
"Kauno m. sav., Kauno m., Šilainiai, Baltijos g.", Šilainiai, Baltijos g.,"47,500 ", 37.21,1,1990,5/5,https://www.capital.lt/lt/parduodamas-kapitaliai-sutvarkytas-1-kambario-butas-p230566
"Kauno m. sav., Kauno m., Žemieji Šančiai, A. Juozapavičiaus pr.", Žemieji Šančiai, A. Juozapavičiaus pr.,"150,085 ", 61.01,2,2021,10/16,https://www.capital.lt/lt/parduodamas-butas-a-juozapaviciaus-pr-139a-kaune-6101-kvm-ploto-2-kambariai-p230522
"Kauno m. sav., Kauno m., Žemieji Šančiai, A. Juozapavičiaus pr.", Žemieji Šančiai, A. Juozapavičiaus pr.,"182,930 ", 83.15,4,2021,4/16,https://www.capital.lt/lt/parduodamas-butas-a-juozapaviciaus-pr-139a-kaune-8315-kvm-ploto-4-kambariai-p230502
"Kauno m. sav., Kauno m., Vilijampolė, Varnių g.", Vilijampolė, Varnių g.,"137,000 ", 60.28,2,2018,3/7,https://www.capital.lt/lt/parduodamas-butas-varniu-g-vilijampoleje-kaune-6028-kvm-ploto-2-kambariai-p230498
"Kauno m. sav., Kauno m., Šilainiai, Rietavo g.", Šilainiai, Rietavo g.,"44,999 ", 37.08,1,1987,4/5,https://www.capital.lt/lt/parduodamas-butas-rietavo-g-13-silainiuose-kaune-3708-kvm-ploto-1-kambariai-p230423
"Kauno m. sav., Kauno m., Panemunė, Pušų g.", Panemunė, Pušų g.,"32,000 ", 33.73,1,1930,2/3,https://www.capital.lt/lt/parduodamas-butas-pusu-g-7-panemuneje-kaune-3373-kvm-ploto-1-kambariai-p230394
"Kauno m. sav., Kauno m., Freda, Lakūnų pl.", Freda, Lakūnų pl.,"99,999 ", 52.99,2,2019,1/2,https://www.capital.lt/lt/parduodamas-butas-lakunu-pl-44-fredoje-kaune-5299-kvm-ploto-2-kambariai-p230363
"Kauno m. sav., Kauno m., Dainava, Pramonės pr.", Dainava, Pramonės pr.,"66,900 ", 63.91,3,1972,4/9,https://www.capital.lt/lt/parduodamas-butas-pramones-pr-45-dainavoje-kaune-6391-kvm-ploto-3-kambariai-p230313
"Kauno m. sav., Kauno m., Aukštieji Šančiai, Vievio g.", Aukštieji Šančiai, Vievio g.,"64,900 ", 64.03,3,1991,1/5,https://www.capital.lt/lt/parduodamas-butas-vievio-g-74-aukstuosiuose-sanciuose-kaune-6403-kvm-ploto-3-kambariai-p230233
"Kauno m. sav., Kauno m., Aukštieji Šančiai, Prancūzų g.", Aukštieji Šančiai, Prancūzų g.,"49,999 ", 39.54,2,1986,10/12,https://www.capital.lt/lt/parduodamas-butas-prancuzu-g-6-aukstuosiuose-sanciuose-kaune-3954-kvm-ploto-2-kambariai-p230210
"Kauno m. sav., Kauno m., Pienių g.", Pienių g.,NaN,"44,300 ", 34.0,1,1972,2/2,https://www.capital.lt/lt/parduodamas-butas-vandziogalos-pl-sargenuose-3383-kvm-ploto-1-kambariai-p230186
"Kauno m. sav., Kauno m., Vilijampolė, Linkuvos g.", Vilijampolė, Linkuvos g.,"49,000 ", 46.19,3,1972,5/5,https://www.capital.lt/lt/parduodamas-butas-linkuvos-g-55-vilijampoleje-kaune-4619-kvm-ploto-3-kambariai-p230181
"Kauno m. sav., Kauno m., Senamiestis, Šv. Gertrūdos g.", Senamiestis, Šv. Gertrūdos g.,"72,900 ", 46.42,2,1957,2/4,https://www.capital.lt/lt/parduodamas-butas-sv-gertrudos-g-3-senamiestyje-kaune-4642-kvm-ploto-2-kambariai-p230179
"Kauno m. sav., Kauno m., Lampėdžiai, Gintaro g.", Lampėdžiai, Gintaro g.,"119,000 ", 53.8,2,2007,2/4,https://www.capital.lt/lt/parduodamas-butas-gintaro-g-9-kaune-5380-kvm-ploto-2-kambariai-p230173
"Kauno m. sav., Kauno m., Dainava, V. Krėvės pr.", Dainava, V. Krėvės pr.,"61,670 ", 44.05,2,2022,2/4,https://www.capital.lt/lt/parduodamas-butas-v-kreves-pr-112a-dainavoje-kaune-4405-kvm-ploto-2-kambariai-p230160
"Kauno m. sav., Kauno m., Dainava, V. Krėvės pr.", Dainava, V. Krėvės pr.,"66,433 ", 42.86,2,2022,2/4,https://www.capital.lt/lt/parduodamas-butas-v-kreves-pr-112a-dainavoje-kaune-4286-kvm-ploto-2-kambariai-p230159
"Kauno m. sav., Kauno m., Šilainiai, Baltų pr.", Šilainiai, Baltų pr.,"72,000 ", 82.9,4,1990,1/9,https://www.capital.lt/lt/parduodamas-butas-baltu-pr-67-silainiuose-kaune-8290-kvm-ploto-4-kambariai-p230149
"Kauno m. sav., Kauno m., Sargėnai, Pienių g.", Sargėnai, Pienių g.,"44,300 ", 34.0,1,1972,2/2,https://www.capital.lt/lt/parduodamas-butas-pieniu-g-sargenuose-kaune-3400-kvm-ploto-1-kambariai-p230129
"Kauno m. sav., Kauno m., Alsėdžių g.", Alsėdžių g.,NaN,"78,600 ", 72.55,4,1975,5/5,https://www.capital.lt/lt/parduodamas-butas-alsedziu-g-kaune-7255-kvm-ploto-4-kambariai-p230128
"Kauno m. sav., Kauno m., Taikos pr.", Taikos pr.,NaN,"72,300 ", 51.99,2,1988,2/9,https://www.capital.lt/lt/parduodamas-butas-taikos-pr-86-kaune-5199-kvm-ploto-2-kambariai-p230103
"Kauno m. sav., Kauno m., Vilijampolė, Varnių g.", Vilijampolė, Varnių g.,"55,000 ", 44.88,2,1964,1/5,https://www.capital.lt/lt/parduodamas-butas-varniu-g-40-vilijampoleje-kaune-4488-kvm-ploto-2-kambariai-p230099
"Kauno m. sav., Kauno m., Dainava, V. Krėvės pr.", Dainava, V. Krėvės pr.,"66,075 ", 44.05,2,2022,1/4,https://www.capital.lt/lt/parduodamas-butas-v-kreves-pr-112a-dainavoje-kaune-4405-kvm-ploto-2-kambariai-p230000
"Kauno m. sav., Kauno m., Eiguliai, Ukmergės g.", Eiguliai, Ukmergės g.,"76,000 ", 82.66,4,1982,1/9,https://www.capital.lt/lt/parduodamas-butas-ukmerges-g-eiguliuose-kaune-8266-kvm-ploto-4-kambariai-p229972
"Kauno m. sav., Kauno m., Dainava, Partizanų g.", Dainava, Partizanų g.,"72,900 ", 66.01,3,1978,8/12,https://www.capital.lt/lt/parduodamas-butas-partizanu-g-166-dainavoje-kaune-6601-kvm-ploto-3-kambariai-p229956
"Kauno m. sav., Kauno m., Šilainiai, Baltų pr.", Šilainiai, Baltų pr.,"69,500 ", 50.5,2,1990,1/9,https://www.capital.lt/lt/parduodamas-butas-baltu-pr-57-silainiuose-kaune-5050-kvm-ploto-2-kambariai-p229909
"Kauno m. sav., Kauno m., Žaliakalnis, Savanorių pr.", Žaliakalnis, Savanorių pr.,"195,000 ", 131.0,4,1937,2/3,https://www.capital.lt/lt/parduodamas-butas-savanoriu-pr-zaliakalnyje-kaune-13100-kvm-ploto-4-kambariai-p229887
"Kauno m. sav., Kauno m., Aleksotas, Šeštokų g.", Aleksotas, Šeštokų g.,"139,900 ", 69.7,4,2018,2/4,https://www.capital.lt/lt/parduodamas-butas-sestoku-g-31-aleksote-kaune-6970-kvm-ploto-4-kambariai-p229803
"Kauno m. sav., Kauno m., Žemieji Šančiai, Kranto 7-oji g.", Žemieji Šančiai, Kranto 7-oji g.,"99,000 ", 52.62,3,2019,2/3,https://www.capital.lt/lt/butas-su-pilna-apdaila-kranto-7-oji-g-16-kaune-5262-kvm-ploto-3-kambariai-p229783
"Kauno m. sav., Kauno m., Žemieji Šančiai, A. Juozapavičiaus pr.", Žemieji Šančiai, A. Juozapavičiaus pr.,"99,277 ", 44.32,2,2021,4/16,https://www.capital.lt/lt/parduodamas-butas-a-juozapaviciaus-pr-139a-kaune-4432-kvm-ploto-2-kambariai-p229778
"Kauno m. sav., Kauno m., Žemieji Šančiai, A. Juozapavičiaus pr.", Žemieji Šančiai, A. Juozapavičiaus pr.,"174,573 ", 83.13,4,2021,6/16,https://www.capital.lt/lt/parduodamas-butas-a-juozapaviciaus-pr-139a-kaune-8313-kvm-ploto-4-kambariai-p229777
"Kauno m. sav., Kauno m., Dainava, Partizanų g.", Dainava, Partizanų g.,"61,000 ", 44.52,2,,2/5,https://www.capital.lt/lt/parduodamas-butas-partizanu-g-232-dainavoje-kaune-4452-kvm-ploto-2-kambariai-p229776
"Kauno m. sav., Kauno m., Žemieji Šančiai, A. Juozapavičiaus pr.", Žemieji Šančiai, A. Juozapavičiaus pr.,"150,085 ", 61.01,2,2021,10/16,https://www.capital.lt/lt/parduodamas-butas-a-juozapaviciaus-pr-139a-kaune-6101-kvm-ploto-2-kambariai-p229769
"Kauno m. sav., Kauno m., Kalniečiai, V. Landsbergio-Žemkalnio g.", Kalniečiai, V. Landsbergio-Žemkalnio g.,"45,000 ", 33.35,1,1977,5/5,https://www.capital.lt/lt/ieskote-nedidelio-sviesaus-gera-nuotaika-keliancio-1-kambario-buto-i-kuri-galite-ateiti-ir-gyventi-iskarto-p229764
"Kauno m. sav., Kauno m., Žaliakalnis, Žemaičių g.", Žaliakalnis, Žemaičių g.,"38,500 ", 45.49,2,1932,2/2,https://www.capital.lt/lt/zaliakalnyje-zemaiciu-g-parduodamas-2-kambariu-butas-mediniame-name-p229752
"Kauno m. sav., Kauno m., Aukštieji Šančiai, Vievio g.", Aukštieji Šančiai, Vievio g.,"75,500 ", 65.37,3,1990,1/5,https://www.capital.lt/lt/parduodamas-butas-vievio-g-72-aukstuosiuose-sanciuose-kaune-6537-kvm-ploto-3-kambariai-p229624
"Kauno m. sav., Kauno m., Žemieji Šančiai, Kranto al.", Žemieji Šančiai, Kranto al.,"85,200 ", 71.0,4,1968,4/5,https://www.capital.lt/lt/parduodamas-butas-kranto-al-52-kaune-7100-kvm-ploto-su-balkonu-i-nemuno-upe-4-kambariu-p229621
"Kauno m. sav., Kauno m., Vilijampolė, Varnių g.", Vilijampolė, Varnių g.,"128,000 ", 60.94,2,1984,5/7,https://www.capital.lt/lt/loftas-viljampoleje-varniu-g-p229600
"Kauno m. sav., Kauno m., Kalniečiai, Kalniečių g.", Kalniečiai, Kalniečių g.,"49,900 ", 54.0,2,1954,1/2,https://www.capital.lt/lt/parduodamas-butas-kalnieciu-g-193-kalnieciuose-kaune-5400-kvm-ploto-2-kambariai-p229529
"Kauno m. sav., Kauno m., Freda, Vinčų g.", Freda, Vinčų g.,"74,999 ", 64.2,3,1976,4/5,https://www.capital.lt/lt/parduodamas-butas-vincu-g-3-fredoje-kaune-6420-kvm-ploto-3-kambariai-p229500
"Kauno m. sav., Kauno m., Eiguliai, Kalniečių g.", Eiguliai, Kalniečių g.,"58,900 ", 50.55,2,1983,1/9,https://www.capital.lt/lt/2-kambariu-butas-eiguliuose-p229413
"Kauno m. sav., Kauno m., Aukštieji Šančiai, Ašmenos 1-oji g.", Aukštieji Šančiai, Ašmenos 1-oji g.,"134,000 ", 68.54,3,2011,2/16,https://www.capital.lt/lt/parduodamas-6854-kvm-3-kmbr-butas-asmenos-1-oji-g-aukstieji-sanciai-kaunas-p229382
"Kauno m. sav., Kauno m., Žaliakalnis, Ryšių g.", Žaliakalnis, Ryšių g.,"77,000 ", 71.36,4,1975,1/5,https://www.capital.lt/lt/parduodamas-7136-4-kmbr-butas-rysiu-g-zaliakalnis-kaunas-p229366
"Kauno m. sav., Kauno m., Aleksotas, S. Hariso g.", Aleksotas, S. Hariso g.,"52,000 ", 35.0,2,1930,1/1,https://www.capital.lt/lt/parduodamas-butas-s-hariso-g-21-aleksote-kaune-3500-kvm-ploto-2-kambariai-p229314
"Kauno m. sav., Kauno m., Dainava, Taikos pr.", Dainava, Taikos pr.,"77,900 ", 60.87,3,1966,5/5,https://www.capital.lt/lt/3-kambariu-butas-dainavoje-p229310
"Kauno m. sav., Kauno m., Aleksotas, Šeštokų g.", Aleksotas, Šeštokų g.,"124,000 ", 54.0,3,2019,1/3,https://www.capital.lt/lt/parduodamas-butas-sestoku-g-aleksote-kaune-5400-kvm-ploto-3-kambariai-p229302
"Kauno m. sav., Kauno m., Žemutiniai Kaniūkai, Įkalnės aklg.", Žemutiniai Kaniūkai, Įkalnės aklg.,"115,000 ", 57.0,3,2020,NaN,https://www.capital.lt/lt/parduodamas-butas-ikalnes-aklg-4-zemutiniuose-kaniukuose-kaune-5700-kvm-ploto-3-kambariai-p229279
"Kauno m. sav., Kauno m., Šilainiai, Kuršių g.", Šilainiai, Kuršių g.,"43,000 ", 36.48,1,1988,4/5,https://www.capital.lt/lt/parduodamas-butas-kursiu-g-16-silainiuose-kaune-3648-kvm-ploto-1-kambariai-p229252
"Kauno m. sav., Kauno m., Žaliakalnis, Zarasų g.", Žaliakalnis, Zarasų g.,"85,000 ", 108.54,4,1938,1/2,https://www.capital.lt/lt/parduodamas-butas-zarasu-g-46-zaliakalnyje-kaune-10854-kvm-ploto-4-kambariai-p229227
"Kauno m. sav., Kauno m., Centras, Gedimino g.", Centras, Gedimino g.,"109,900 ", 50.45,1,1926,2/2,https://www.capital.lt/lt/parduodamas-butas-gedimino-g-5-centre-kaune-5045-kvm-ploto-1-kambariai-p229192
"Kauno m. sav., Kauno m., Dainava, Partizanų g.", Dainava, Partizanų g.,"49,000 ", 46.6,2,1972,2/5,https://www.capital.lt/lt/parduodamas-butas-partizanu-g-174-dainavoje-kaune-4660-kvm-ploto-2-kambariai-p229174
"Kauno m. sav., Kauno m., Žaliakalnis, Ievų takas", Žaliakalnis, Ievų takas,"28,500 ", 46.36,3,1962,2/2,https://www.capital.lt/lt/parduodamas-butas-ievu-takas-16-zaliakalnyje-kaune-4636-kvm-ploto-3-kambariai-p229173
"Kauno m. sav., Kauno m., Senamiestis, V. Kuzmos g.", Senamiestis, V. Kuzmos g.,"89,000 ",32.0,NaN,1860,3/3,https://www.capital.lt/lt/parduodamas-butas-senamiestyje-p229122
"Kauno m. sav., Kauno m., Šilainiai, Kuršių g.", Šilainiai, Kuršių g.,"75,000 ", 61.7,3,1987,5/9,https://www.capital.lt/lt/ieskote-jaukaus-3-kambariu-buto-silainiuose-kuriame-galetumete-ateiti-ir-gyventi-jau-uz-poros-menesiu-p229099
"Kauno m. sav., Kauno m., Žaliakalnis, Kapsų g.", Žaliakalnis, Kapsų g.,"85,000 ", 47.0,3,1954,1/1,https://www.capital.lt/lt/parduodama-namo-dalis-zaliakalnyje-p228960
"Kauno m. sav., Kauno m., Centras, A. Mackevičiaus g.", Centras, A. Mackevičiaus g.,"139,999 ", 82.13,3,1922,1/2,https://www.capital.lt/lt/parduodamas-butas-a-mackeviciaus-g-centre-kaune-8213-kvm-ploto-3-kambariai-p228943
"Kauno m. sav., Kauno m., Dainava, Taikos pr.", Dainava, Taikos pr.,"75,000 ", 47.04,3,1968,2/5,https://www.capital.lt/lt/parduodamas-butas-taikos-pr-65-dainavoje-kaune-4704-kvm-ploto-3-kambariai-p228908
"Kauno m. sav., Kauno m., Petrašiūnai, Nemajūnų g.", Petrašiūnai, Nemajūnų g.,"137,000 ", 105.0,4,2012,1/3,https://www.capital.lt/lt/parduodamas-105-kvm-butas-su-218-a-sklypu-unikalioje-vietoje-nemajunu-g-petrasiunai-kaunas-p228850
"Kauno m. sav., Kauno m., Dainava, Taikos pr.", Dainava, Taikos pr.,"75,000 ", 47.04,3,1968,2/5,https://www.capital.lt/lt/parduodamas-butas-taikos-pr-65-dainavoje-kaune-4704-kvm-ploto-3-kambariai-p228774
"Kauno m. sav., Kauno m., Žaliakalnis, M. Jankaus g.", Žaliakalnis, M. Jankaus g.,"65,000 ", 66.56,3,1964,1/2,https://www.capital.lt/lt/parduodamas-butas-m-jankaus-g-25-zaliakalnyje-kaune-6656-kvm-ploto-3-kambariai-p228724
"Kauno m. sav., Kauno m., Aukštieji Šančiai, Medvėgalio g.", Aukštieji Šančiai, Medvėgalio g.,"66,900 ", 77.08,4,1973,2/5,https://www.capital.lt/lt/4-kambariu-butas-aukstuosiuose-sanciuose-p228707
"Kauno m. sav., Kauno m., Dainava, Savanorių pr.", Dainava, Savanorių pr.,"33,000 ", 33.0,2,1968,1/5,https://www.capital.lt/lt/parduodamas-butas-savanoriu-pr-dainavoje-kaune-3300-kvm-ploto-2-kambariai-p228611
"Kauno m. sav., Kauno m., Centras, K. Donelaičio g.", Centras, K. Donelaičio g.,"129,000 ", 67.79,3,1978,3/3,https://www.capital.lt/lt/parduodamas-butas-k-donelaicio-g-75b-centre-kaune-6779-kvm-ploto-3-kambariai-p228575
"Kauno m. sav., Kauno m., Dainava, Pramonės pr.", Dainava, Pramonės pr.,"56,900 ", 43.72,2,1970,1/5,https://www.capital.lt/lt/2-kambariu-butas-dainavoje-p228570
"Kauno m. sav., Kauno m., Dainava, Kovo 11-osios g.", Dainava, Kovo 11-osios g.,"75,000 ", 61.0,3,1968,1/5,https://www.capital.lt/lt/parduodamas-butas-kovo-11-osios-g-dainavoje-kaune-6100-kvm-ploto-3-kambariai-p228565
"Kauno m. sav., Kauno m., Panemunė, A. Smetonos al.", Panemunė, A. Smetonos al.,"65,000 ", 57.35,3,1973,5/5,https://www.capital.lt/lt/parduodamas-tvarkingas-3-kambariu-butas-nuostabioje-vietoje-p228560
"Kauno m. sav., Kauno m., Lampėdžiai, Vytauto g.", Lampėdžiai, Vytauto g.,"179,000 ", 98.88,4,2008,2/2,https://www.capital.lt/lt/parduodamas-butas-vytauto-g-22-kaune-9888-kvm-ploto-4-kambariai-p228546
"Kauno m. sav., Kauno m., Centras, Vytauto pr.", Centras, Vytauto pr.,"59,500 ", 28.62,1,1962,2/5,https://www.capital.lt/lt/parduodamas-butas-vytauto-pr-11-centre-kaune-2862-kvm-ploto-1-kambariai-p228522
"Kauno m. sav., Kauno m., Žaliakalnis, Partizanų g.", Žaliakalnis, Partizanų g.,"29,000 ", 22.99,1,1972,5/5,https://www.capital.lt/lt/parduodamas-butas-partizanu-g-3-zaliakalnyje-kaune-2299-kvm-ploto-1-kambariai-p228490
"Kauno m. sav., Kauno m., Dainava, Savanorių pr.", Dainava, Savanorių pr.,"66,000 ", 66.58,4,1968,1/5,https://www.capital.lt/lt/parduodamas-butas-savanoriu-pr-dainavoje-kaune-6658-kvm-ploto-4-kambariai-p228488
"Kauno m. sav., Kauno m., Vilijampolė, Demokratų g.", Vilijampolė, Demokratų g.,"56,500 ", 57.69,3,1964,5/5,https://www.capital.lt/lt/parduodamas-butas-demokratu-g-vilijampoleje-kaune-5769-kvm-ploto-3-kambariai-p228480
"Kauno m. sav., Kauno m., Centras, Žemaičių g.", Centras, Žemaičių g.,"99,000 ", 162.74,5,1939,3/3,https://www.capital.lt/lt/parduodamas-butas-zemaiciu-g-centre-kaune-16274-kvm-ploto-5-kambariai-p228458
"Kauno m. sav., Kauno m., Šilainiai, Baltijos g.", Šilainiai, Baltijos g.,"62,500 ", 50.83,2,1990,2/9,https://www.capital.lt/lt/2-kambariu-butas-silainiuose-p228334
"Kauno m. sav., Kauno m., Žemieji Šančiai, Kranto al.", Žemieji Šančiai, Kranto al.,"58,000 ", 42.66,2,1964,4/5,https://www.capital.lt/lt/parduodamas-butas-zemuose-sanciuose-su-vaizdu-i-nemuna-p228333
"Kauno m. sav., Kauno m., Aleksotas, Julijanavos g.", Aleksotas, Julijanavos g.,"31,000 ", 31.0,1,1930,1,https://www.capital.lt/lt/parduodamas-butas-julijanavos-g-68-aleksote-kaune-3100-kvm-ploto-1-kambariai-p228317
"Kauno m. sav., Kauno m., Aleksotas, K. Dulksnio g.", Aleksotas, K. Dulksnio g.,"158,750 ", 127.0,4,2021,1/2,https://www.capital.lt/lt/kotedzas-k-dulksnio-g-2-aleksote-kaune-127-kvm-ploto-4-kambariai-p228090
"Kauno m. sav., Kauno m., Centras, E. Ožeškienės g.", Centras, E. Ožeškienės g.,"229,000 ", 127.89,3,1900,2/2,https://www.capital.lt/lt/parduodamas-butas-e-ozeskienes-g-7-centre-kaune-12789-kvm-ploto-3-kambariai-p228016
"Kauno m. sav., Kauno m., Kalniečiai, P. Plechavičiaus g.", Kalniečiai, P. Plechavičiaus g.,"75,000 ", 79.39,4,1976,4/5,https://www.capital.lt/lt/parduodamas-4-iu-kambariu-butas-p-plechaviciaus-g-kalnieciuose-kauno-m-p227935
"Kauno m. sav., Kauno m., Šilainiai, Baltų pr.", Šilainiai, Baltų pr.,"43,000 ", 37.33,1,1988,5/5,https://www.capital.lt/lt/parduodamas-butas-baltu-pr-6-60-silainiuose-kaune-3733-kvm-ploto-1-kambariai-p227873
"Kauno m. sav., Kauno m., Vilijampolė, Varnių g.", Vilijampolė, Varnių g.,"250,000 ", 98.62,1,1984,6/7,https://www.capital.lt/lt/parduodamas-butas-varniu-g-38-vilijampoleje-kaune-9862-kvm-ploto-1-kambariai-p227868
"Kauno m. sav., Kauno m., Aukštutiniai Kaniūkai, Šventupės g.", Aukštutiniai Kaniūkai, Šventupės g.,"209,000 ", 154.78,6,2018,2/3,https://www.capital.lt/lt/a-kaniukuose-parduodamas-kokybiskai-irengtas-butas-per-2-aukstus-su-dideliu-garazu--p227810
"Kauno m. sav., Kauno m., Panemunė, Pušų g.", Panemunė, Pušų g.,"17,000 ", 20.08,1,1930,3/3,https://www.capital.lt/lt/parduodamas-butas-pusu-g-7-panemuneje-kaune-2008-kvm-ploto-1-kambariai-p227454
"Kauno m. sav., Kauno m., Senamiestis, V. Kuzmos g.", Senamiestis, V. Kuzmos g.,"169,000 ", 64.33,3,1860,2/3,https://www.capital.lt/lt/parduodamas-butas-v-kuzmos-g-6-senamiestyje-p227404
"Kauno m. sav., Kauno m., Dainava, Biržiškų g.", Dainava, Biržiškų g.,"48,000 ", 45.56,2,1962,1/5,https://www.capital.lt/lt/salia-panemunes-silo-parduodamas-2-kambariu-butas-p227338
"Kauno m. sav., Kauno m., Žaliakalnis, Aušros g.", Žaliakalnis, Aušros g.,"79,950 ", 66.0,3,1969,1/5,https://www.capital.lt/lt/parduodamas-butas-ausros-g-12-zaliakalnyje-kaune-6600-kvm-ploto-3-kambariai-p227264
"Kauno m. sav., Kauno m., Dainava, V. Krėvės pr.", Dainava, V. Krėvės pr.,"122,000 ", 89.54,3,2006,3/4,https://www.capital.lt/lt/parduodamas-butas-v-kreves-pr-114b-dainavoje-kaune-8954-kvm-ploto-3-kambariai-p227263
"Kauno m. sav., Kauno m., Žaliakalnis, K. Baršausko g.", Žaliakalnis, K. Baršausko g.,"24,000 ", 15.74,1,1962,2/4,https://www.capital.lt/lt/parduodamas-butas-k-barsausko-g-77-zaliakalnyje-kaune-1574-kvm-ploto-1-kambariai-p227161
"Kauno m. sav., Kauno m., Žemutiniai Kaniūkai, Girininkų g.", Žemutiniai Kaniūkai, Girininkų g.,"119,000 ", 147.94,3,1991,1/2,https://www.capital.lt/lt/parduodamas-butas-girininku-g-zemutiniuose-kaniukuose-kaune-14794-kvm-ploto-3-kambariai-p227146
"Kauno m. sav., Kauno m., Šilainiai, Baltų pr.", Šilainiai, Baltų pr.,"75,800 ", 65.6,2,1991,9/9,https://www.capital.lt/lt/parduodamas-2-k-butas-su-kondicionieriumi-baltu-pr-silainiuose-kaune-6560-kvm-ploto-2-kambariai-p227059
"Kauno m. sav., Kauno m., Šilainiai, Skalvių g.", Šilainiai, Skalvių g.,"128,999 ", 74.91,3,2020,2/2,https://www.capital.lt/lt/parduodamas-butas-skalviu-g-23-silainiuose-kaune-7491-kvm-ploto-3-kambariai-p227033
"Kauno m. sav., Kauno m., Vilijampolė, Varnių g.", Vilijampolė, Varnių g.,"125,000 ", 66.0,2,2018,4/7,https://www.capital.lt/lt/tikrai-isskirtinis-ir-siuolaikiskas-lofto-tipo-butas-p227032
"Kauno m. sav., Kauno m., Dainava, Kovo 11-osios g.", Dainava, Kovo 11-osios g.,"39,900 ", 44.0,2,1965,5/5,https://www.capital.lt/lt/parduodamas-butas-kovo-11-osios-g-dainavoje-kaune-4400-kvm-ploto-2-kambariai-p226883
"Kauno m. sav., Kauno m., Šilainiai, Šarkuvos g.", Šilainiai, Šarkuvos g.,"64,999 ", 61.0,3,1988,6/9,https://www.capital.lt/lt/parduodamas-butas-sarkuvos-g-3-silainiuose-kaune-6100-kvm-ploto-3-kambariai-p226630
"Kauno m. sav., Kauno m., Dainava, Taikos pr.", Dainava, Taikos pr.,"47,900 ", 49.17,2,1975,1/9,https://www.capital.lt/lt/parduodamas-butas-taikos-pr-79-dainavoje-kaune-4917-kvm-ploto-2-kambariai-p226479
"Kauno m. sav., Kauno m., Dainava, V. Krėvės pr.", Dainava, V. Krėvės pr.,"55,900 ", 44.62,2,1966,5/5,https://www.capital.lt/lt/2-kambariu-butas-dainavoje-p226421
"Kauno m. sav., Kauno m., Dainava, Pramonės pr.", Dainava, Pramonės pr.,"68,999 ", 61.44,3,1970,1/5,https://www.capital.lt/lt/parduodamas-butas-pramones-pr-dainavoje-kaune-6144-kvm-ploto-3-kambariai-p226155
"Kauno m. sav., Kauno m., Žaliakalnis, J. Žemgulio g.", Žaliakalnis, J. Žemgulio g.,"298,000 ", 249.98,4,1995,1/3,https://www.capital.lt/lt/parduodamas-butas-j-zemgulio-g-zaliakalnyje-kaune-24998-kvm-ploto-4-kambariai-p226154
"Kauno m. sav., Kauno m., Žaliakalnis, Savanorių pr.", Žaliakalnis, Savanorių pr.,"89,999 ", 68.0,3,1976,5/12,https://www.capital.lt/lt/parduodamas-butas-savanoriu-pr-zaliakalnyje-kaune-6800-kvm-ploto-3-kambariai-p226135
"Kauno m. sav., Kauno m., Dainava, Kovo 11-osios g. 106", Dainava, Kovo 11-osios g. 106,"52,500 ", 44.0,2,1965,4/5,https://www.capital.lt/lt/parduodamas-butas-kovo-11-osios-g-106-kovo-11-osios-g-106-102-dainavoje-kaune-4400-kvm-ploto-2-kambariai-p225839
"Kauno m. sav., Kauno m., Aleksotas, Veiverių g.", Aleksotas, Veiverių g.,"39,000 ", 41.0,2,1913,2/2,https://www.capital.lt/lt/parduodamas-butas-veiveriu-g-aleksote-kaune-4100-kvm-ploto-2-kambariai-p225744
"Kauno m. sav., Kauno m., Romainiai, J. Matuso g.", Romainiai, J. Matuso g.,"61,000 ",56.7,NaN,2021,1/1,https://www.capital.lt/lt/parduodamas-butas-j-matuso-g-romainiuose-kaune-5670-kvm-ploto-p225587
"Kauno m. sav., Kauno m., Žaliakalnis, Savanorių pr.", Žaliakalnis, Savanorių pr.,"62,000 ", 38.48,2,1930,2/2,https://www.capital.lt/lt/parduodamas-butas-savanoriu-pr-213-zaliakalnyje-kaune-3848-kvm-ploto-2-kambariai-p225505
"Kauno m. sav., Kauno m., Senamiestis, Karaliaus Mindaugo pr.", Senamiestis, Karaliaus Mindaugo pr.,"95,000 ", 47.0,3,1912,2/3,https://www.capital.lt/lt/parduodamas-triju-kambariu-butas-senamiestyje-p225430
"Kauno m. sav., Kauno m., Žaliakalnis, Savanorių pr.", Žaliakalnis, Savanorių pr.,"124,000 ", 62.0,3,1959,2/3,https://www.capital.lt/lt/parduodamas-butas-savanoriu-pr-206-zaliakalnyje-kaune-6200-kvm-ploto-3-kambariai-p225270
"Kauno m. sav., Kauno m., Žaliakalnis, Savanorių pr.", Žaliakalnis, Savanorių pr.,"57,500 ", 31.0,2,2021,3/3,https://www.capital.lt/lt/parduodamas-butas-savanoriu-pr-206-zaliakalnyje-kaune-3100-kvm-ploto-2-kambariai-p225267
"Kauno m. sav., Kauno m., Žaliakalnis, Savanorių pr.", Žaliakalnis, Savanorių pr.,"46,500 ", 31.0,2,2021,3/3,https://www.capital.lt/lt/parduodamas-butas-savanoriu-pr-206-zaliakalnyje-kaune-3100-kvm-ploto-2-kambariai-p225218
"Kauno m. sav., Kauno m., Senamiestis, Karaliaus Mindaugo pr.", Senamiestis, Karaliaus Mindaugo pr.,"65,000 ", 30.0,1,1912,1/3,https://www.capital.lt/lt/vieno-kambario-butas-senamiestyje-p225080
"Kauno m. sav., Kauno m., Žaliakalnis, Savanorių pr.", Žaliakalnis, Savanorių pr.,"48,500 ", 42.0,2,1965,3/5,https://www.capital.lt/lt/2-kambariu-butas-zaliakalnyje-p224885
"Kauno m. sav., Kauno m., Petrašiūnai, M. Gimbutienės g.", Petrašiūnai, M. Gimbutienės g.,"13,500 ", 16.0,1,1968,4/4,https://www.capital.lt/lt/1-kambario-butas-petrasiunuose-p224816
"Kauno m. sav., Kauno m., Centras, S. Daukanto g.", Centras, S. Daukanto g.,"128,000 ", 71.8,4,1964,4/5,https://www.capital.lt/lt/parduodamas-butas-s-daukanto-g-10-centre-kaune-7180-kvm-ploto-4-kambariai-p224775
"Kauno m. sav., Kauno m., Centras, A. Mickevičiaus g.", Centras, A. Mickevičiaus g.,"64,999 ", 41.05,2,1933,1/3,https://www.capital.lt/lt/parduodamas-butas-a-mickeviciaus-g-41-centre-kaune-4105-kvm-ploto-2-kambariai-p224692
"Kauno m. sav., Kauno m., Aleksotas, Marvelės g.", Aleksotas, Marvelės g.,"169,000 ", 100.0,4,2019,1/2,https://www.capital.lt/lt/parduodamas-butas-marveles-g-66-aleksote-kaune-10000-kvm-ploto-4-kambariai-p224647
"Kauno m. sav., Kauno m., Žaliakalnis, K. Petrausko g.", Žaliakalnis, K. Petrausko g.,"56,999 ", 41.12,2,1963,3/4,https://www.capital.lt/lt/parduodamas-butas-k-petrausko-g-6-zaliakalnyje-kaune-4112-kvm-ploto-2-kambariai-p224537
"Kauno m. sav., Kauno m., Aukštieji Šančiai, Hipodromo g.", Aukštieji Šančiai, Hipodromo g.,"55,000 ", 76.66,4,1972,4/5,https://www.capital.lt/lt/parduodamas-butas-hipodromo-g-42-aukstuosiuose-sanciuose-kaune-7666-kvm-ploto-4-kambariai-p224396
"Kauno m. sav., Kauno m., Senamiestis, A. Mapu g.", Senamiestis, A. Mapu g.,"124,999 ", 63.07,3,1910,2/2,https://www.capital.lt/lt/parduodamas-butas-a-mapu-g-11-senamiestyje-kaune-6307-kvm-ploto-3-kambariai-p224109
"Kauno m. sav., Kauno m., Dainava, Partizanų g.", Dainava, Partizanų g.,"49,999 ", 45.0,2,1968,4/5,https://www.capital.lt/lt/parduodamas-butas-partizanu-g-30-dainavoje-kaune-4500-kvm-ploto-2-kambariai-p224068
"Kauno m. sav., Kauno m., Centras, Maironio g.", Centras, Maironio g.,"149,000 ", 65.77,3,2011,3/4,https://www.capital.lt/lt/parduodamas-butas-maironio-g-26a-centre-kaune-6577-kvm-ploto-3-kambariai-p224049
"Kauno m. sav., Kauno m., Senamiestis, Palangos g.", Senamiestis, Palangos g.,"123,999 ", 65.0,3,1952,1/2,https://www.capital.lt/lt/parduodamas-butas-palangos-g-10-senamiestyje-kaune-6500-kvm-ploto-3-kambariai-p223830
"Kauno m. sav., Kauno m., Senamiestis, Šv. Gertrūdos g.", Senamiestis, Šv. Gertrūdos g.,"114,900 ", 55.88,3,1961,3/3,https://www.capital.lt/lt/parduodamas-butas-sv-gertrudos-g-31-senamiestyje-kaune-5588-kvm-ploto-3-kambariai-p223814
"Kauno m. sav., Kauno m., Senamiestis", Senamiestis,NaN,"144,000 ", 54.1,3,2018,1/4,https://www.capital.lt/lt/parduodamas-butas-senamiestyje-kaune-5410-kvm-ploto-3-kambariai-p223603
"Kauno m. sav., Kauno m., Žemieji Šančiai", Žemieji Šančiai,NaN,"22,000 ",45.32,NaN,1935,1/1,https://www.capital.lt/lt/parduodamas-butas-kaune-4532-kvm-ploto-p223182
"Kauno m. sav., Kauno m., Žaliakalnis, Žemaičių g.", Žaliakalnis, Žemaičių g.,"129,000 ", 70.59,4,1936,2/3,https://www.capital.lt/lt/parduodamas-butas-zemaiciu-g-42-zaliakalnyje-kaune-7059-kvm-ploto-4-kambariai-p223133
"Kauno m. sav., Kauno m., Žaliakalnis, Radvilėnų pl.", Žaliakalnis, Radvilėnų pl.,"148,900 ", 64.02,3,2020,2/9,https://www.capital.lt/lt/parduodamas-pilnai-irengtas-butas-radvilenu-pl-3c-zaliakalnyje-kaune-p223099
"Kauno m. sav., Kauno m., Žemieji Šančiai, Kranto 14-oji g.", Žemieji Šančiai, Kranto 14-oji g.,"149,000 ", 205.0,4,2019,2,https://www.capital.lt/lt/parduodamas-butas-kranto-14-oji-g-kaune-20500-kvm-ploto-4-kambariai-p222933
"Kauno m. sav., Kauno m., Sukilėlių pr.", Sukilėlių pr.,NaN,"430,000 ", 163.0,4,2008,14/14,https://www.capital.lt/lt/parduodami-apartamentai-ant-kauno-stogo--p222500
"Kauno m. sav., Kauno m., Centras, K. Donelaičio g.", Centras, K. Donelaičio g.,"82,900 ", 48.16,2,1932,3,https://www.capital.lt/lt/parduodamas-butas-k-donelaicio-g-9-centre-kaune-4816-kvm-ploto-2-kambariai-p222427
"Kauno m. sav., Kauno m., Kalniečiai, Šiaurės pr.", Kalniečiai, Šiaurės pr.,"79,500 ", 60.72,3,1979,1/9,https://www.capital.lt/lt/3-kambariu-butas-kalnieciuose-p222252
"Kauno m. sav., Kauno m., Vilijampolė, Radvilų Dvaro g.", Vilijampolė, Radvilų Dvaro g.,"67,000 ", 70.7,2,1970,1/1,https://www.capital.lt/lt/parduodamas-butas-radvilu-dvaro-g-1-vilijampoleje-kaune-7070-kvm-ploto-2-kambariai-p222244
"Kauno m. sav., Kauno m., Centras, Maironio g.", Centras, Maironio g.,"224,000 ", 127.78,5,1932,3/6,https://www.capital.lt/lt/parduodamas-butas-maironio-g-13-centre-kaune-12778-kvm-ploto-5-kambariai-p222220
"Kauno m. sav., Kauno m., Žaliakalnis, Č. Sasnausko g.", Žaliakalnis, Č. Sasnausko g.,"74,000 ", 50.74,1,2021,1/6,https://www.capital.lt/lt/parduodamas-butas-c-sasnausko-g-23-zaliakalnyje-kaune-5074-kvm-ploto-1-kambariai-p221854
"Kauno m. sav., Kauno m., Centras, S. Hariso g.", Centras, S. Hariso g.,"360,000 ", 183.63,5,2018,1/2,https://www.capital.lt/lt/parduodamas-butas-s-hariso-g-kaune-su-stogo-terasa-ir-vaizdu-i-senamiesti-18363-kvm-5-kambariai-p221815
"Kauno m. sav., Kauno m., Aukštieji Šančiai, Ašmenos 1-oji g.", Aukštieji Šančiai, Ašmenos 1-oji g.,"111,000 ", 50.42,3,2007,8/8,https://www.capital.lt/lt/parduodamas-butas-asmenos-1-oji-g-1-aukstuosiuose-sanciuose-kaune-5042-kvm-ploto-3-kambariai-p221772
"Kauno m. sav., Kauno m., Šilainiai, Naujakurių g.", Šilainiai, Naujakurių g.,"74,900 ", 54.95,3,2021,2/9,https://www.capital.lt/lt/parduodamas-butas-naujakuriu-g-silainiuose-kaune-5495-kvm-ploto-3-kambariai-p221762
"Kauno m. sav., Kauno m., Šilainiai, Naujakurių g.", Šilainiai, Naujakurių g.,"64,900 ", 38.58,2,2021,4/9,https://www.capital.lt/lt/parduodamas-butas-naujakuriu-g-silainiuose-kaune-3858-kvm-ploto-2-kambariai-p221761
"Kauno m. sav., Kauno m., Šilainiai, Naujakurių g.", Šilainiai, Naujakurių g.,"128,900 ", 93.56,5,2021,8/9,https://www.capital.lt/lt/parduodamas-butas-naujakuriu-g-silainiuose-kaune-9356-kvm-ploto-5-kambariai-p221718
"Kauno m. sav., Kauno m., Žemieji Šančiai, A. Juozapavičiaus pr.", Žemieji Šančiai, A. Juozapavičiaus pr.,"199,900 ", 139.22,4,1917,1/3,https://www.capital.lt/lt/parduodamas-butas-a-juozapaviciaus-pr-21a-kaune-13922-kvm-ploto-4-kambariai-p221623
"Kauno m. sav., Kauno m., Dainava, Pramonės pr.", Dainava, Pramonės pr.,"49,500 ", 44.16,2,1970,5/5,https://www.capital.lt/lt/parduodamas-butas-pramones-pr-47-dainavoje-kaune-4416-kvm-ploto-2-kambariai-p221109
"Kauno m. sav., Kauno m., Petrašiūnai, T. Masiulio g.", Petrašiūnai, T. Masiulio g.,"34,000 ", 36.66,2,1985,4/6,https://www.capital.lt/lt/parduodamas-butas-t-masiulio-g-petrasiunuose-kaune-3666-kvm-ploto-2-kambariai-p221079
"Kauno m. sav., Kauno m., Vilijampolė, Jūžintų g.", Vilijampolė, Jūžintų g.,"77,400 ", 70.0,3,1958,2/2,https://www.capital.lt/lt/parduodamas-3-kamb-butas-juzintu-g-vilijampoleje-kaune-p221065
"Kauno m. sav., Kauno m., Dainava, Partizanų g.", Dainava, Partizanų g.,"69,900 ", 57.41,3,2020,3/3,https://www.capital.lt/lt/parduodamas-butas-partizanu-g-62-dainavoje-kaune-5741-kvm-ploto-3-kambariai-p220433
"Kauno m. sav., Kauno m., Dainava, Partizanų g.", Dainava, Partizanų g.,"84,999 ", 66.61,3,2020,2/3,https://www.capital.lt/lt/parduodamas-butas-partizanu-g-62-dainavoje-kaune-6661-kvm-ploto-3-kambariai-p220392
"Kauno m. sav., Kauno m., Dainava, Partizanų g.", Dainava, Partizanų g.,"89,900 ", 73.5,3,2020,2/3,https://www.capital.lt/lt/parduodamas-butas-partizanu-g-62-dainavoje-kaune-7350-kvm-ploto-3-kambariai-p220277
"Kauno m. sav., Kauno m., Žemieji Šančiai, Vokiečių g.", Žemieji Šančiai, Vokiečių g.,"178,724 ", 63.83,3,2020,2/7,https://www.capital.lt/lt/butas-su-vaizdu-i-upe-vokieciu-g-166-kaune-6383-kvm-ploto-3-kambariai-p219445
"Kauno m. sav., Kauno m., Žemieji Šančiai, Vokiečių g.", Žemieji Šančiai, Vokiečių g.,"182,932 ", 63.72,3,2020,1/7,https://www.capital.lt/lt/parduodamas-butas-vokieciu-g-166-kaune-6383-kvm-ploto-3-kambariai-p219443
"Kauno m. sav., Kauno m., Žemieji Šančiai, Vokiečių g.", Žemieji Šančiai, Vokiečių g.,"75,042 ", 41.69,2,2021,1/4,https://www.capital.lt/lt/2-kambariu-butas-vokieciu-g4169-kv-m-p219436
"Kauno m. sav., Kauno m., Žemieji Šančiai, Vokiečių g.", Žemieji Šančiai, Vokiečių g.,"76,734 ", 42.63,2,2021,2/4,https://www.capital.lt/lt/2-kambariu-butas-vokieciu-g-4263-kv-m-p219428
"Kauno m. sav., Kauno m., Vilijampolė, Varnių g.", Vilijampolė, Varnių g.,"55,000 ", 57.69,3,1964,2/5,https://www.capital.lt/lt/parduodamas-butas-varniu-g-44-vilijampoleje-kaune-5769-kvm-ploto-3-kambariai-p219332
"Kauno m. sav., Kauno m., Žaliakalnis, Radvilėnų pl.", Žaliakalnis, Radvilėnų pl.,"89,000 ", 50.0,2,2020,2/9,https://www.capital.lt/lt/parduodamas-butas-radvilenu-pl-3c-zaliakalnyje-kaune-5000-kvm-ploto-2-kambariai-p219309
"Kauno m. sav., Kauno m., Vilijampolė, A. Strazdo g.", Vilijampolė, A. Strazdo g.,"149,999 ", 90.0,3,2007,4/4,https://www.capital.lt/lt/parduodamas-butas-a-strazdo-g-83-vilijampoleje-kaune-9000-kvm-ploto-3-kambariai-p219009
"Kauno m. sav., Kauno m., Žemieji Šančiai, Vokiečių g.", Žemieji Šančiai, Vokiečių g.,"135,360 ", 60.16,3,2021,1/4,https://www.capital.lt/lt/butas-vokieciu-g6016-kv-m-p218678
"Kauno m. sav., Kauno m., Senamiestis, Benediktinių g.", Senamiestis, Benediktinių g.,"64,000 ", 65.0,3,1907,5/5,https://www.capital.lt/lt/parduodama-palepe-prie-peledu-kalno-zaliakalnyje-p217836
"Kauno m. sav., Kauno m., Freda, T. Ivanausko g.", Freda, T. Ivanausko g.,"184,999 ", 108.0,5,2012,3/3,https://www.capital.lt/lt/parduodamas-butas-t-ivanausko-g-119-fredoje-kaune-10800-kvm-ploto-5-kambariai-p217824
"Kauno m. sav., Kauno m., Vilijampolė, Varnių g.", Vilijampolė, Varnių g.,"149,000 ", 69.0,2,2018,6/7,https://www.capital.lt/lt/dizaineriu-moderniai-irengtas-butas-su-vaizdu-i-senamiesti--p217572
"Kauno m. sav., Kauno m., Šilainiai, K. Čerbulėno g.", Šilainiai, K. Čerbulėno g.,"54,917 ", 62.35,3,2020,2/3,https://www.capital.lt/lt/parduodamas-butas-k-cerbuleno-g-silainiuose-kaune-6235-kvm-ploto-3-kambariai-p217020
"Kauno m. sav., Kauno m., Vilijampolė, Panerių g.", Vilijampolė, Panerių g.,"64,900 ", 40.58,2,1987,2/4,https://www.capital.lt/lt/parduodamas-puikus-butas-loftas-paneriu-g-51-vilijampoleje-p216865
"Kauno m. sav., Kauno m., Vilijampolė, Panerių g.", Vilijampolė, Panerių g.,"69,000 ", 37.37,2,1987,2/4,https://www.capital.lt/lt/parduodamas-puikus-butas-loftas-paneriu-g-51-vilijampoleje-p216864
"Kauno m. sav., Kauno m., Žaliakalnis, Jankaus g.", Žaliakalnis, Jankaus g.,"41,000 ", 38.8,2,1934,2/2,https://www.capital.lt/lt/parduodamas-butas-jankaus-g-39-1-zaliakalnyje-kaune-3880-kvm-ploto-2-kambariai-p215553
"Kauno m. sav., Kauno m., Dainava, Partizanų g.", Dainava, Partizanų g.,"124,999 ", 78.0,3,2008,1/5,https://www.capital.lt/lt/parduodamas-butas-partizanu-g-27e-dainavoje-kaune-7800-kvm-ploto-3-kambariai-p214946
"Kauno m. sav., Kauno m., Žemieji Šančiai, L. Ivinskio g.", Žemieji Šančiai, L. Ivinskio g.,"64,400 ", 81.55,4,1931,1/3,https://www.capital.lt/lt/parduodamas-4-kamb-butas-l-ivinskio-g-sanciuose-kaune-p214742
"Kauno m. sav., Kauno m., Senamiestis, Šv. Gertrūdos g.", Senamiestis, Šv. Gertrūdos g.,"205,900 ", 89.0,3,2018,3/3,https://www.capital.lt/lt/parduodamas-butas-sv-gertrudos-g-51-senamiestyje-kaune-8900-kvm-ploto-3-kambariai-p214275
"Kauno m. sav., Kauno m., Petrašiūnai, R. Kalantos g.", Petrašiūnai, R. Kalantos g.,"190,000 ", 204.87,3,1957,1/3,https://www.capital.lt/lt/parduodamas-20487-kvm-butas-su-gydomosios-paskirties-patalpomis-kalantos-g-petrasiunai-kaunas-p214214
"Kauno m. sav., Kauno m., Centras, Parodos g.", Centras, Parodos g.,"92,999 ", 53.68,3,1930,2/3,https://www.capital.lt/lt/parduodamas-3-kamb-butas-kauno-centre-parodos-g-5368-kvm-ploto-p213917
"Kauno m. sav., Kauno m., Žaliakalnis, Lietuvių g.", Žaliakalnis, Lietuvių g.,"56,600 ", 69.81,2,1939,3/3,https://www.capital.lt/lt/parduodamas-mansardinis-butas-istoriniame-name-lietuviu-g-18-zaliakalnyje-kaune-6981-kvm-ploto-2-kambariai-p212320
"Kauno m. sav., Kauno m., Žaliakalnis, Algirdo g.", Žaliakalnis, Algirdo g.,"204,000 ", 82.91,4,2019,3/4,https://www.capital.lt/lt/parduodamas-butas-algirdo-g-16-zaliakalnyje-kaune-8291-kvm-ploto-4-kambariai-p212253
"Kauno m. sav., Kauno m., Žaliakalnis, Studentų g.", Žaliakalnis, Studentų g.,"154,900 ", 101.17,3,2020,1/3,https://www.capital.lt/lt/parduodamas-butas-studentu-g-51-zaliakalnyje-kaune-10117-kvm-ploto-3-kambariai-p211915
"Kauno m. sav., Kauno m., Žaliakalnis, Žemaičių g.", Žaliakalnis, Žemaičių g.,"40,000 ", 62.79,3,1931,1/2,https://www.capital.lt/lt/nauja-zemaiciu-g-jau-dziugina-gyventojus-parduodamas-butas-zemaiciu-g-91-zaliakalnyje-kaune-6279-kvm-ploto-3-kambariai-p211149
"Kauno m. sav., Kauno m., Centras, Laisvės al.", Centras, Laisvės al.,"110,000 ", 54.22,3,1929,3/3,https://www.capital.lt/lt/parduodamas-puikus-3-kambariu-butas-laisves-alejoje-salia-soboro-p210860
"Kauno m. sav., Kauno m., Žaliakalnis, Limos takas", Žaliakalnis, Limos takas,"169,000 ", 55.0,2,2017,2/3,https://www.capital.lt/lt/parduodamas-butas-limos-takas-zaliakalnyje-kaune-5500-kvm-ploto-2-kambariai-p210080
"Kauno m. sav., Kauno m., Šilainiai, Pylimo g.", Šilainiai, Pylimo g.,"99,900 ", 95.4,4,1995,2/3,https://www.capital.lt/lt/parduodamas-butas-pylimo-g-6a-silainiuose-kaune-9540-kvm-ploto-4-kambariai-p210049
"Kauno m. sav., Kauno m., Freda, Vilties g.", Freda, Vilties g.,"105,000 ", 59.0,3,2018,1/3,https://www.capital.lt/lt/parduodamas-butas-vilties-g-fredoje-kaune-5900-kvm-ploto-3-kambariai-p209613
"Kauno m. sav., Kauno m., Vilijampolė, Raudondvario pl.", Vilijampolė, Raudondvario pl.,0 , 35.64,1,2019,4/4,https://www.capital.lt/lt/parduodamas-butas-raudondvario-pl-194a-vilijampoleje-kaune-3564-kvm-ploto-1-kambariai-p208428
"Kauno m. sav., Kauno m., Vilijampolė, Brastos g.", Vilijampolė, Brastos g.,"74,400 ", 43.4,2,2018,1/4,https://www.capital.lt/lt/parduodamas-butas-brastos-g-24-vilijampoleje-kaune-4340-kvm-ploto-2-kambariai-p207350
"Kauno m. sav., Kauno m., Žaliakalnis, Taikos pr.", Žaliakalnis, Taikos pr.,"83,000 ", 77.63,5,1938,2/2,https://www.capital.lt/lt/parduodamas-butas-taikos-pr-14-zaliakalnyje-kaune-7763-kvm-ploto-5-kambariai-p205667
"Kauno m. sav., Kauno m., Žemieji Šančiai, A. Juozapavičiaus pr.", Žemieji Šančiai, A. Juozapavičiaus pr.,"199,900 ", 139.22,4,1917,1/3,https://www.capital.lt/lt/parduodamas-butas-a-juozapaviciaus-pr-21a-kaune-13922-kvm-ploto-4-kambariai-p205549
"Kauno m. sav., Kauno m., Žaliakalnis, Č. Sasnausko g.", Žaliakalnis, Č. Sasnausko g.,"120,000 ", 73.65,3,2021,3/6,https://www.capital.lt/lt/parduodamas-butas-c-sasnausko-g-23-zaliakalnyje-kaune-7365-kvm-ploto-3-kambariai-p200452
"Kauno m. sav., Kauno m., Žemieji Šančiai, A. Vytarto g.", Žemieji Šančiai, A. Vytarto g.,"105,000 ", 66.0,3,2018,2/3,https://www.capital.lt/lt/parduodamas-butas-a-vytarto-g-30-kaune-6600-kvm-ploto-3-kambariai-p199547
"Kauno m. sav., Kauno m., Centras, Laisvės al.", Centras, Laisvės al.,"498,000 ", 184.34,3,1883,2/3,https://www.capital.lt/lt/parduodamas-butas-laisves-al-38-centre-kaune-18434-kvm-ploto-3-kambariai-p197907
"Kauno m. sav., Kauno m., Centras, Laisvės al.", Centras, Laisvės al.,"329,000 ", 137.35,3,1883,2/3,https://www.capital.lt/lt/parduodamas-butas-laisves-alejoje-p197906
"Kauno m. sav., Kauno m., Žaliakalnis, Aukštaičių g.", Žaliakalnis, Aukštaičių g.,"199,999 ", 85.42,3,2017,3/3,https://www.capital.lt/lt/parduodamas-butas-aukstaiciu-g-94-zaliakalnyje-kaune-8542-kvm-ploto-3-kambariai-p197107
"Kauno m. sav., Kauno m., Žaliakalnis, Č. Sasnausko g.", Žaliakalnis, Č. Sasnausko g.,"105,000 ", 59.77,2,2019,5/6,https://www.capital.lt/lt/parduodamas-butas-c-sasnausko-g-23-zaliakalnyje-kaune-5977-kvm-ploto-2-kambariai-p195890
"Kauno m. sav., Kauno m., Žaliakalnis, Č. Sasnausko g.", Žaliakalnis, Č. Sasnausko g.,"180,000 ", 107.72,4,2021,6/6,https://www.capital.lt/lt/parduodamas-butas-c-sasnausko-g-23-zaliakalnyje-kaune-10772-kvm-ploto-4-kambariai-p195889
"Kauno m. sav., Kauno m., Centras, Laisvės al.", Centras, Laisvės al.,"550,000 ", 172.27,3,1977,4/4,https://www.capital.lt/lt/parduodamas-butas-laisves-al-84-centre-kaune-17227-kvm-ploto-3-kambariai-p194447
"Kauno m. sav., Kauno m., Žaliakalnis, Studentų g.", Žaliakalnis, Studentų g.,"149,900 ", 82.52,3,2019,1/3,https://www.capital.lt/lt/parduodamas-butas-studentu-g-51-zaliakalnyje-kaune-8252-kvm-ploto-3-kambariai-p193742
"Kauno m. sav., Kauno m., Kapsų g.", Kapsų g.,NaN,"78,000 ", 56.2,3,1932,2/2,https://www.capital.lt/lt/parduodamas-butas-kapsu-g-kaune-5620-kvm-ploto-3-kambariai-p190581
"Kauno m. sav., Kauno m., Žaliakalnis, Č. Sasnausko g.", Žaliakalnis, Č. Sasnausko g.,"120,000 ", 70.33,3,2021,1/6,https://www.capital.lt/lt/parduodamas-butas-c-sasnausko-g-23-zaliakalnyje-kaune-7033-kvm-ploto-3-kambariai-p185454
"Kauno m. sav., Kauno m., Centras, E. Ožeškienės g.", Centras, E. Ožeškienės g.,"119,999 ", 70.33,3,1912,2/3,https://www.capital.lt/lt/parduodamas-butas-e-ozeskienes-g-3-kambariu-su-autonominiu-sildymu-p177619
"Kauno m. sav., Kauno m., Centras, E. Ožeškienės g.", Centras, E. Ožeškienės g.,"250,000 ", 115.0,4,1910,2/3,https://www.capital.lt/lt/prabangus-4-kambariu-butas-kauno-centre-115-kvm--p171801
